{
  "manifest": {
    "publishingInformation": {
      "locales": {
        "en-US": {
          "summary": "Enables media player access.",
          "examplePhrases": [
            "Alexa open hello world",
            "hello",
            "help"
          ],
          "keywords": [],
          "name": "Yatse",
          "description": "Media players provide most or all of the following features. They allow users to organize their multimedia collection, play songs and movies, rip CD tracks to MP3 and other audio formats, burn CDs, listen to Internet radio, download content from online music stores and stream content from the Internet.",
          "smallIconUri": "file://assets/images/en-US_smallIconUri.png",
          "largeIconUri": "file://assets/images/en-US_largeIconUri.png"
        }
      },
      "automaticDistribution": {
        "isActive": false
      },
      "isAvailableWorldwide": false,
      "testingInstructions": "Add appropriate credentials to media player. Connect device to media player.",
      "category": "KNOWLEDGE_AND_TRIVIA",
      "distributionMode": "PUBLIC",
      "distributionCountries": [
        "US"
      ]
    },
    "apis": {
      "custom": {
        "endpoint": {
          "sslCertificateType": "Trusted",
          "uri": "https://voice.yatse.tv/alexa/L0RPP3ZD/en"
        },
        "interfaces": []
      }
    },
    "manifestVersion": "1.0",
    "permissions": [
      {
        "name": "alexa:devices:all:address:country_and_postal_code:read"
      },
      {
        "name": "alexa::profile:given_name:read"
      },
      {
        "name": "alexa::profile:email:read"
      },
      {
        "name": "alexa::profile:mobile_number:read"
      },
      {
        "name": "alexa::alerts:reminders:skill:readwrite"
      }
    ],
    "privacyAndCompliance": {
      "allowsPurchases": false,
      "locales": {
        "en-US": {
          "privacyPolicyUrl": "https://www.privacypolicytemplate.net/#wizard"
        }
      },
      "containsAds": false,
      "isExportCompliant": true,
      "isChildDirected": false,
      "shoppingKit": {
        "isShoppingActionsEnabled": false,
        "isAmazonAssociatesOnAlexaEnabled": false
      },
      "usesPersonalInfo": false
    }
  }
}