{
  "interactionModel": {
    "languageModel": {
      "invocationName": "search show",
      "intents": [
        {
          "name": "AMAZON.CancelIntent",
          "samples": []
        },
        {
          "name": "AMAZON.HelpIntent",
          "samples": []
        },
        {
          "name": "AMAZON.StopIntent",
          "samples": []
        },
        {
          "name": "SearchIntent",
          "slots": [
            {
              "name": "item",
              "type": "SEARCH_ITEM"
            }
          ],
          "samples": [
            "search for {item}",
            "search {item}",
            "find {item}"
          ]
        },
        {
          "name": "AMAZON.NavigateHomeIntent",
          "samples": []
        }
      ],
      "types": [
        {
          "values": [
            {
              "name": {
                "value": "Stranger Things"
              }
            },
            {
              "name": {
                "value": "Game of Thrones"
              }
            },
            {
              "name": {
                "value": "Breaking Bad"
              }
            }
          ],
          "name": "SEARCH_ITEM"
        }
      ]
    }
  },
  "version": "4"
}